{
	"user id" : "Hokie123",
	"buy" : [
        {"stock symbol" : "IBM", "shares" : 100, "at max" : 45},{"stock symbol" : "GOOGL", "shares" : 50, "at max" : 60}, {"stock symbol" : "AMZN", "shares" : 120, "at max" : 70}
],  "sell" : [{"stock symbol" : "ORCL", "shares" : 30, "at min" : 25},{"stock symbol" : "GOOGL", "shares" : 20, "at min" : 40} ]
, "delete" :{"sell":[{"stock symbol" : "ORCL", "shares" : 30, "at min" : 25}],"buy":[{"stock symbol" : "IBM", "shares" : 100, "at max" : 45} ]}

}
